stations,x,y
1001,12.50244,45.25635
1002,12.75879,45.24902
